temperature,humidity,soil_pct,clr_risk
22.49080237694725,71.14490710817309,67.17975450775633,1
34.01428612819832,68.75091265778386,77.71791876126665,0
29.6398788362281,41.53852394838614,31.28977139736241,0
26.973169683940732,60.474869657569386,63.11429846659491,0
18.12037280884873,62.811737127151424,58.59840856721864,0
18.119890406724053,63.92936685381403,80.79058202700304,0
16.161672243363988,74.81034215363994,87.01740014090714,0
32.3235229154987,72.0161528036127,11.033325575577878,0
27.022300234864176,76.47430556760668,67.29169311999738,0
29.16145155592091,85.8929956925277,14.406042925176965,0
15.411689885916049,88.7791443229656,56.65298653157525,0
34.39819704323989,83.08738457358967,34.44878196871265,0
31.648852816008436,97.33142175729608,36.076010959382,0
19.246782213565524,41.0939549605817,40.001472793450304,0
18.636499344142013,51.74667914101276,62.80985816921686,0
18.668090197068675,40.45377249868853,38.39424708184538,0
21.084844859190753,78.84848284927618,72.27941930017383,1
25.495128632644757,93.88183293699922,44.38482777377892,1
23.638900372842315,54.608937794577955,15.810022026346482,0
20.824582803960837,95.6220726877784,76.61958661114912,1
27.237057894447588,43.61604341737365,34.28945759038001,0
17.789877213040835,96.06616160833086,46.78518476593732,0
20.842892970704362,61.09736123437806,68.26273007386163,0
22.327236865873836,46.08524970695299,38.25877335764052,0
24.12139968434072,69.15230555117954,14.809780772470827,0
30.703519227860273,55.40659406323048,41.783288996089155,0
18.993475643167194,57.092374117715366,90.27812952901579,0
25.284688768272233,58.43739789557719,64.54742377037745,0
26.848291377240848,88.1815538699598,67.07572763671259,0
15.929008254399955,72.34967660051527,63.74398305919939,0
27.150897038028766,58.67846194936022,26.914331811552128,0
18.41048247374583,76.6200269986551,45.55837844869381,0
16.30103185970559,82.96904045339161,73.82988286088205,0
33.977710745066666,56.35744004401202,18.616696292018528,0
34.31264066149119,64.8129460915211,33.61748596762554,0
31.16794696232922,47.313165600216855,33.48712421959756,0
21.092275383467413,50.86896097208082,46.72160884553301,0
16.95344228012768,80.86707123789897,93.33134298008574,0
28.684660530243136,50.88630086173762,15.737716468124866,0
23.803049874792027,71.50980302002361,54.08958452235058,1
17.440764696895577,82.54277570334597,25.245997971037887,0
24.903538202225405,46.41261538568463,92.50750635982826,0
15.687770422304368,74.03873317773422,19.630797901834455,0
33.186408041575646,55.393767022081825,44.306085200735254,0
20.17559963200034,97.77561251425479,72.72022371094153,1
28.25044568707964,69.01273880319548,69.88712638233285,0
21.23422152178822,88.35955298650948,45.93193413598424,2
25.401360423556216,73.0135925293757,39.45455427598105,1
25.934205586865595,42.60475197128915,43.797052176994,0
18.69708911051054,77.98908253564134,32.463482368484335,0
34.39169255529117,97.08420053239942,27.453299790077985,0
30.50265646722229,76.09670920877987,51.05837429250565,0
33.78997883128378,89.15133156560742,32.82536926574662,0
32.89654700855297,93.05238780090447,34.434241516266255,0
26.957999576221702,53.68478631693595,65.82426539533735,0
33.437484700462335,52.7226903944936,92.32567319449083,0
16.76985004103839,76.6588593310595,61.309162047546884,0
18.919657248382904,64.66170818840229,16.543254700522134,0
15.90454577821076,90.39167817200322,16.424607177595693,0
21.506606615265287,94.00138740388067,90.87097377187311,2
22.77354579378964,61.20528275816309,35.26971717612336,0
20.426980635477918,54.21223353846892,17.82569381701041,0
31.57475018303859,86.83153091463171,60.91878990778243,0
22.135066533871786,56.48836213288817,63.01014615467262,0
20.618690193747614,89.3568591108207,65.12290971008849,1
25.853921663164968,65.42429521892578,32.72917236789101,0
17.818484499495252,80.05299395748823,11.284408158230377,0
31.043939615080795,45.73211883008009,92.0263064036301,0
16.491012873595416,77.43155948059439,31.32590888374371,0
34.73773873201034,67.10606072423374,67.46223448446653,0
30.444895385933147,75.19650779052844,70.06353893969032,0
18.974313630683447,50.0808524646918,61.85063045175628,0
15.110442342472048,84.21242469665093,36.5971285081601,0
31.309228569096682,91.7678246525937,33.04318156994559,0
29.137146876952343,53.00438800544654,60.801804029729766,0
29.580143360819747,45.7428733312097,83.61812885699378,0
30.425406933718914,41.41831516278018,90.47236695848862,0
16.480893034681806,78.51829002659596,19.001993374319397,0
22.169314570885454,76.42564216532685,23.160432070806188,1
17.317381190502594,72.8018447628442,90.30258199656177,0
32.26206851751187,53.916825766958524,72.60549440845736,0
27.46596253655116,63.45435975433088,85.05447511053072,0
21.617960497052984,75.66858011117039,27.223773901504167,1
16.27116700572047,69.80601153155015,59.94479904429916,0
21.219646434313244,99.26713121289325,69.59686552548526,2
21.503666440534943,48.18638515340399,67.80951026299267,0
29.59212356676128,81.70867324285562,44.69289372366934,0
27.751149427104263,64.25912608625752,11.30856579376122,0
32.744254851526534,65.69197689553688,59.548714828362364,0
24.444298503238986,83.05586593949057,31.513630830266745,2
17.391884918766035,81.54616907946217,48.271610922145676,0
29.2648957444599,99.4753596221313,91.39438628212447,0
30.21570097233795,47.703657367247516,43.91800199960695,0
26.225543951389923,46.246578963049984,81.38313656647627,0
30.41934359909122,83.46032902772447,26.025951488686346,0
24.875911927287817,74.70321502038455,67.15914233212746,1
25.45465658763988,56.44963999358835,93.04559112731019,0
23.550820367170992,44.765162139339196,18.660913574199625,0
15.508382534881903,45.13949497578583,10.707195089311321,0
17.157828539866088,93.6514524798471,46.85453737377222,0
15.628583713734685,51.512039483124575,17.873166059366213,0
27.72820822527561,59.40229372693125,73.61266972247967,0
21.287119621526536,53.59938413361928,87.73663642712751,0
25.171413823294056,61.29977834991624,46.8917826802445,0
33.15132947852186,44.1654305647656,31.990489583212483,0
19.9858445829775,71.14358745449621,46.92428211556183,0
23.207658460712594,44.05675381553289,71.49306451725008,0
30.111022770860973,88.0213904693417,10.769603734331533,0
19.57596330983245,54.02272491462598,60.10358910619926,0
16.53959819657586,72.40071487627063,62.12979321542722,0
20.79502905827536,92.80474525368749,64.20350098615452,1
18.22442574508009,79.05264214283164,30.571876798374564,0
33.59395304685146,71.97746719308012,70.69448148714078,0
31.16240759128834,59.460025186922536,17.768276338200995,0
27.66807513020847,59.98011478349187,26.93797859967807,0
32.429211803754356,80.1692173118914,84.58495396563096,0
31.07344153798229,99.64836167327005,72.79146781175814,0
18.731401177720716,79.71035139096271,11.168372090964347,0
32.85117996979956,73.46700504220149,31.111982131433017,0
25.786844838313016,83.83903061435477,28.22455105441899,1
31.14880310328125,67.91233673702308,33.01853788314267,0
32.92182599846986,43.60854055604711,31.042580473790345,0
21.360069499437277,73.73780895267458,15.314735138141888,1
17.201038490553536,97.45751707032281,49.00994391072973,0
19.558703250838832,50.51817654145958,72.28234535682404,0
23.542155772525128,81.40029344923994,61.572196600982096,2
31.36029531844986,52.05602131954339,67.19409183083678,0
32.21461166512687,72.14966106838487,16.897680175580327,0
15.139042610623815,45.800586978803175,90.87671036502691,0
25.214946051551316,67.02225617549111,81.27180587665711,0
23.348220062975578,85.36979973371476,78.43267707213133,2
19.442156209414605,60.85429145433892,79.95362342855023,0
17.397307346673657,79.89470346923308,89.28039319128472,0
21.75230342807256,87.72699764738375,56.261587119664306,2
33.858194078250385,95.63066916876716,27.0239715187482,0
21.464058640415104,54.078524911327214,62.426606667466,0
25.37581243486732,63.958954948558485,73.14492696177481,0
29.060379177903556,49.14496079982504,72.72297843509216,0
22.27259204758588,99.5490101295025,54.32316705418481,2
34.435641654419214,95.62005807545772,15.818991143354134,0
34.24894589884222,72.39742781683358,41.544599766560864,0
20.035645916507285,90.52199766258528,88.26516171938538,1
24.94497011784771,71.25747863632253,59.678157329381214,1
21.017566196335395,77.41514128016559,55.75821517673564,1
20.696809887549353,45.34746592696099,32.852548722486446,0
15.737738947090655,85.31622522980848,41.31815819290921,0
27.191286679597937,47.66280901811409,86.1044175780194,0
25.05358046457723,89.5640578151517,66.64935903978105,1
16.029575024999787,86.92168526022316,76.92789727394829,0
20.57292928473223,82.52468186457858,48.61936096075068,1
33.165317719333075,42.169622831485725,63.57101365377342,0
19.79123781333945,58.187701356719714,31.11260674317264,0
17.897897441824462,55.78675419465057,69.96417057409633,0
24.78905520555126,61.60818444829114,46.34611336478367,0
34.71300908221201,45.25856480583031,47.616368759253376,0
19.84110543023001,96.21746938186376,65.19239758903494,0
28.442710948117572,73.22813444274257,89.58385282485877,0
30.23239230657435,58.33145863948141,15.44053946173278,0
19.752750879847994,63.818891024457,80.10317517449565,0
29.56432697223719,66.83215243029014,34.852564385036416,0
22.355662654385064,76.03566000163704,47.733153633042114,1
27.64611661187159,70.94076566178987,11.862632945875761,0
27.670594215217896,95.16351839286504,35.5889166159166,0
25.71549368149517,69.81780897434982,52.72365562356109,0
16.805795401088165,99.52948088939877,14.774966574532316,0
31.70604991178476,91.08549746470575,51.74313699756904,0
21.415601299434716,52.51063086144015,88.80440345296633,0
18.730370207997083,95.83571287863498,18.958423539163444,0
15.815502831095278,46.98198387312856,74.97746188641787,0
26.817858863764837,89.04698250947149,44.82203953695937,0
28.55128723684565,62.837397608594806,65.68976573456874,0
15.331756578557123,92.67845922670418,32.120110828744494,0
25.24186116598562,92.08340140644702,23.556842316015455,1
19.529915503958758,88.35552400705727,23.639322213054246,0
27.903455808188998,87.40182617842368,15.991815379667294,0
18.487328580099827,58.280748345882444,25.77996991660566,0
28.81875476204932,44.85515698307513,66.4586477240623,0
22.734706926010748,64.17881072590968,84.94370200669819,0
33.73459977473469,50.41147089919052,79.20068327524875,0
17.750418882919867,81.69706533414771,68.23641633933116,0
21.82132702100517,60.76598359226713,19.386708389943728,0
17.269470424811782,98.53661205159489,34.58093293515574,0
33.49387236557126,78.45832464071992,36.33358440240986,0
32.54678706761962,89.34883381806165,31.246340443797806,0
20.15883255430311,47.95148036451091,53.77548107532647,0
28.19968092068358,91.72086893635736,55.52207426477217,0
31.344444004024318,95.36543143080365,40.33530788954437,0
26.10401623198925,69.22371512913615,40.07207849259706,0
25.59301156712013,76.37517626505866,80.42722582201692,1
19.837045818009035,85.88858805417973,77.08989210717327,0
16.862055356117985,50.49031763562475,36.16264569286338,0
32.944315159066534,70.15396458780654,87.67201772922704,0
33.00836114326661,63.919781666338785,90.98927644521301,0
27.66202914546536,48.782439529734944,37.77311607255347,0
21.780595820974014,62.05206533749188,40.126120647409664,0
21.984191492253217,44.09033856312961,52.9789030408665,0
29.519113577404788,41.54871441696922,89.99526906536225,0
32.94220519905154,48.109977349289366,84.48715181709647,0
32.741728485302346,97.78690669535044,18.718276819605133,0
30.597510917152476,72.97177215370101,43.38211317807038,0
27.840632923085757,97.94932966919319,57.03655112873061,0
16.682799299900978,65.94987269980791,52.766260166880905,0
18.232574281892276,58.70896798511558,26.478360774635878,0
32.97108377054158,70.36851177041464,82.99942554929315,0
27.1285811931918,66.3707013179746,67.53996655473117,0
15.183941032332593,46.33988105570464,81.2222118624033,0
17.02943085732064,78.44957888141238,82.99496374470513,0
28.270035382161115,52.96229095057598,73.61024756158787,0
15.101231676924375,77.17527729386978,47.332901106225975,0
18.216161028349973,79.01206554388921,61.89647417631109,0
25.974675787331723,49.12149118771889,23.63105952017817,0
28.837903953853864,43.680977626640086,67.25986048536716,0
28.03922519005201,86.84569516410639,25.236526737838865,0
19.485386189211198,67.5880254261592,68.98571519336332,0
29.24358442695072,43.48982773032855,29.515843664087335,0
19.744981749936002,99.69197903018602,19.991860512768696,0
21.507993963185356,43.466833659782,24.049181662151383,0
29.92982810236048,81.7021137315132,10.169331493620973,0
27.992657980944294,99.02073551580482,71.09286751755008,0
31.98446820988356,54.350806252955536,72.25408916996221,0
28.15225784600687,48.53496212123177,53.76933474262705,0
26.36617206670943,47.283096365345735,23.715838089707614,0
16.87349535656185,58.196508854055736,17.10211868840863,0
22.35431606118867,46.0627486606388,11.625962147169396,0
20.30404735363451,81.52968050164792,24.08859504204376,1
19.87979286758167,43.73750788780376,85.72272047356748,0
34.46021109504891,70.56532768898738,30.53063154464295,0
22.861954493335208,99.8018112311786,40.11306281346333,2
32.84093110354227,88.83821617036114,18.95436618091332,0
27.622772519945258,76.91316629386066,28.900710903594476,0
30.896226070832967,58.3752172471967,54.13408851631743,0
25.052741862103844,77.43375017749831,61.65897806313047,1
26.53807769252718,71.6224878346991,30.85494670412794,0
24.850353876377277,65.56500303342229,14.907233534134964,0
18.90485975596089,47.84262260441197,43.237793875828885,0
29.44904230523011,93.196252914428,29.907286528738403,0
20.615447248817116,66.98707892927935,28.662083474533166,0
15.486319328629076,51.6773507092459,91.5883382306437,0
27.909445918143355,62.06556105263738,62.385541303686544,0
18.542213588140978,64.84778515173562,57.33466766962815,0
33.80917168705828,89.65227373401245,45.34088379948236,0
34.07857154005175,84.01686283368412,46.46026834156226,0
33.29728780440897,86.15829361848039,55.97692532623687,0
22.403174005108887,40.661875865718834,69.19653359806912,0
15.309132330577349,64.96923989078569,69.6824181754555,0
33.566371251754504,68.88064909811942,24.593982154963214,0
23.563682966346285,41.1515366093834,52.509583926513294,0
34.33309638087339,55.58879252470206,45.01643807789867,0
34.272399541785056,85.6173893873281,83.99479213289766,0
32.060189109347206,48.22658234373994,63.67060830356199,0
20.888977841391714,72.11860788715549,55.26284564535845,1
22.701954572038506,52.91211232103425,19.808544585207976,0
32.02273343033714,40.727246478633596,61.47922059248997,0
21.338440103125553,54.472087455972485,19.96233198281984,0
18.38985493372185,98.55242529460322,38.66255892308892,0
26.136025249167005,88.09222671297937,22.141567009218207,0
33.723095483215616,97.574598659262,68.82625999707136,0
28.92059593349946,69.27124263558174,27.53142967607297,0
26.4012234017873,46.584171920650206,43.30804672098221,0
16.943529875415372,72.87756933842158,86.13235609759619,0
27.300144533983396,67.26264007359765,27.366892588912474,0
34.801077002085265,90.66142496437695,53.16343043649623,0
17.801680304730482,45.88495484705467,45.63809119911187,0
25.366593047274733,69.29446822130669,11.540543488887028,0
32.54746143855911,49.00291988163906,77.38443965368909,0
29.815372355084087,59.480555613403595,15.868902036740977,0
28.94031481990536,84.24142464326798,50.31167678304106,0
29.049681679742186,68.561087762126,57.657655069810744,0
22.189823024395103,62.553297108746165,63.4162488122399,0
20.871836885289866,63.66857671420212,68.53368849116941,0
31.187223109570272,67.5668061043592,31.528152599430783,0
31.202267893583617,87.10099263022342,10.848196015968197,0
32.341446371602075,93.52508133641406,71.49271130016751,0
33.26481105112943,97.3200811902357,55.53081094454418,0
25.226847977218757,87.2142031753177,81.07000477261614,1
25.030325893743992,58.924413744880766,79.81801084655902,0
30.965903579335503,81.28808236519254,81.68272426197007,0
27.999278615555305,66.25618744332351,51.233046098260914,0
29.03933754515407,55.28023732276307,38.358413646133585,0
30.91585338872202,90.45229476555537,77.28244722026645,0
32.800106836351326,42.3055809377395,48.35999960748667,0
21.759903137030715,94.1057195281254,25.59258669429193,2
22.51165905279888,67.68864787748404,82.67279166272532,0
16.87963879681738,78.23208860849682,85.01758952564951,0
26.56560281992348,79.56123533234697,49.63632927191446,0
15.718845475934842,93.70706444239218,16.434476821331934,0
24.311960362649202,78.20018093003245,42.96521764293915,1
25.85289269415153,76.8360150856037,78.30070105432128,1
20.730825042565687,43.999122433641396,86.65079242642943,0
26.816665211380215,71.10448131671225,27.295183112295646,0
15.610004998780989,49.010140049022496,15.69275702214808,0
15.746963774984287,84.24602612328914,84.57478851629129,0
31.452011213193167,70.73331524876048,43.0994198132044,0
22.20381282822526,80.8136667525012,56.04968196274288,2
17.541210253037697,42.50037403614306,92.2855940243145,0
25.444865201096086,45.087520962748194,15.658001872708944,0
30.399871061972217,82.97940328376094,65.10703063342812,0
19.316420549936865,44.325060159920405,16.298960918863703,0
27.457809516380003,44.27540366591552,41.91485891965253,0
16.70694929987536,40.72650851409325,78.32423634144297,0
16.033634423372153,97.39008389796881,46.84513978422893,0
25.62709263136296,84.25050156754043,94.76050008175078,1
25.81270243220213,61.19508451012385,57.520039220461186,0
27.748598029964132,57.792134877259315,37.298782974056046,0
29.52182667445323,60.982193784750976,28.709462701904016,0
34.517041589250695,86.47921187087091,39.794245414323754,0
25.326006966023904,79.68223666422486,41.66532826956182,1
21.45912945882492,51.11173407204808,15.840662606536682,0
30.90372389537407,50.44656012004506,41.41380695127572,0
20.416645025241486,45.90373898280384,49.460274177834116,0
23.779428414112722,79.61816318208028,71.4327089402984,1
16.56912762684532,85.86235973330416,65.82200620133668,0
15.50701486830915,55.90278569950024,70.2450806944781,0
34.2529682935585,41.256697661854766,10.710912959532854,0
31.719602410244118,44.93030004858564,28.501728964345563,0
28.91948412187396,98.07160209070183,66.24316451398781,0
23.179058888285397,57.72668664864521,51.139096295278506,0
18.465886401416917,86.15338887028801,10.451645431809405,0
18.12874085342172,77.47981413125584,78.3820446067049,0
20.004857963291904,62.91637837917375,75.68881372967869,0
25.984533294122407,52.341235731733306,56.61562885445282,0
29.291918454001248,47.283185089564384,15.649382690983131,0
28.203947534354626,76.900778082332,75.15377921026969,0
20.598677938918858,86.47802683826728,59.61565495716594,1
34.097305613263885,78.63425521246785,76.46659805842653,0
29.75793833391537,71.81812799494949,73.89849435364644,0
26.087081050228015,42.517073405898174,78.25517611641615,0
27.234414924687044,98.10932665566303,54.03068564439311,0
23.3920012485558,87.92285149927447,21.927584046448775,2
19.95461979002315,57.56932220205788,67.04838523727354,0
22.119453573025233,98.79821976153104,62.7402717294175,2
30.15692220928738,76.11289537817933,73.0915209119224,0
15.287869772595117,74.94535949243479,24.4398855143125,0
17.321452810138325,84.88439076577193,26.572891991524585,0
15.920052840435055,88.70618728540825,85.68480896364292,0
15.814576046379402,79.38871643989016,73.74811286842602,0
32.10921168022014,47.685744781972005,87.19942153952745,0
29.073157187600472,60.296050359669906,74.49080229893326,0
24.483476581746505,95.685018419563,60.75820100917566,2
16.95668321302003,53.476936710631115,65.60128264736926,0
24.832317502336647,62.330021430250795,85.57587353490085,0
24.469435415611315,65.92461297665176,59.198574133514946,0
18.464037398200304,66.36429938166714,63.75326256791293,0
23.67703298475946,76.77637494967152,23.30052086030605,1
22.97009468794747,96.58455026468246,50.28330370986873,2
27.31700196104433,54.4415627099503,70.8937545164384,0
27.701873017352874,47.290082578055085,33.03012935689106,0
15.90608019544089,51.848229391596234,27.19160534458547,0
22.492252292529425,93.21549401255618,36.67527869907532,2
27.517198314284727,78.74864875931236,30.52755337939084,0
25.062725171601755,57.15440735434961,28.267574148093647,0
32.12979682376644,88.95681633811704,46.11232164378739,0
28.173872632378902,91.68219978180616,87.1662736801004,0
18.258688541628594,90.79086032141669,53.100069972791054,0
16.411374948008596,95.13559201837327,25.97323236930246,0
27.84838556412631,55.134461210401696,16.542591897374297,0
15.530226210832437,85.3025157247767,69.17327233672364,0
26.715511625469265,67.6323698364484,42.53789497709297,0
33.80460482849915,90.5199131734037,79.85563045975553,0
26.50948355751758,83.70944062969679,66.05841533446547,0
22.763398524130437,86.58684678998347,77.68052329601632,2
27.865764368847064,79.36971026086428,33.11541335056815,0
24.165057809830333,50.645726168182414,68.85050840918994,0
25.9123357863187,72.70161513381629,32.445268698966096,1
33.8292961755305,99.0801843714705,89.82082075327479,0
22.722052756015486,96.24328398982713,64.09181393033683,2
34.22381127647829,42.5904241478207,37.58350301490408,0
33.107012839121275,49.888888943766226,32.90850829484317,0
18.915822695785927,47.903726407273716,26.2287597310897,0
16.38722601750331,83.55879459911773,69.04448150596687,0
17.01556002754853,89.0671197914167,28.59082710482382,0
15.364436513030995,52.81068197864032,60.60077760383657,0
16.88885921511857,70.35116157710974,32.49397728865537,0
28.660135468327137,90.44218168067201,66.26736030747884,0
16.42377296920458,83.96809268597504,79.26987692594584,0
21.379512605875227,72.5342323295109,76.13214566729552,1
31.89750621938909,75.42086142752638,74.67236312911645,0
15.465438714716518,70.5016328149768,25.956404483841425,0
31.289369651778717,57.85290707912924,17.51272049368409,0
20.637095495468,73.90131957154097,69.41065042142777,1
17.363296552433127,81.33311812300545,41.30951317251986,0
28.934743307283014,92.39937495164847,46.74942924428452,0
27.578856935597678,78.1774812387549,12.64767288743824,0
32.549440270541055,85.66729222258948,32.06399818837918,0
29.701420876077716,49.60429809727438,12.862494329329442,0
31.06961860769697,67.6934484651874,84.73079067110605,0
20.64069145142613,40.559897189625595,30.68871807357509,0
18.548790875594456,54.80073187129738,57.37365941370568,0
30.012295032817168,83.5877029067803,13.313242256196085,0
31.13669478534528,99.5085970809618,66.68202826098093,0
34.81010284001347,45.95068597523296,37.45732438909798,0
23.25235353822853,64.0896589516773,86.32313089140159,0
22.440361715855666,88.00425812194956,85.49004605939305,2
30.528259214839935,52.24213807773393,37.649702560748565,0
21.816070805060356,73.30509695813717,86.58167613368977,1
33.61514651207129,83.98427776178049,94.6734022473962,0
32.16825503686024,76.95912701561073,80.16033145053558,0
23.579880547500366,51.28148407692497,81.81406455919446,0
30.017421355829946,61.323074121144366,31.16574256927264,0
30.090857481693646,87.02750706912383,59.019703902909285,0
17.062477376718654,73.253590847921,15.716752687226268,0
33.05105813359133,40.313776812574766,18.068024629841926,0
25.105047448957144,85.65944560168563,94.9058720228297,1
31.529149322154833,42.118681296414344,37.764336201202426,0
21.400992020612236,84.74402696387392,73.59563252415194,2
32.91046456992401,52.14883360991425,78.5665295072794,0
22.784033574683264,97.48440880716282,82.93197803561448,2
15.216753029605968,62.07644507812507,94.7984052791833,0
33.10763952838528,59.615896980284745,30.527201246833766,0
16.82573353572267,48.93328301994668,13.429820283074475,0
21.3862727518083,58.33625292941289,44.951279029539805,0
34.0012393410161,92.59904570969204,21.05685693546049,0
34.012142938751126,99.78006025763483,11.906200578774685,0
26.46875776246572,62.098571830410904,40.63628030702632,0
27.636744243395984,66.91663785727255,76.61775134139509,0
23.968910439566393,83.32425629216422,58.12535875413102,2
20.86421543396129,93.17174682790447,36.58612908288009,1
21.57329090739832,75.58266005120706,65.61907046688117,1
28.450369121540767,63.491541890669765,29.72154532624891,0
30.0474905887536,64.75731045091743,11.222422916127227,0
30.83158087451697,81.73708878980841,74.97003784709632,0
30.792362855891078,40.19309581625672,63.018162213440775,0
16.824122060973806,77.17536024759045,74.7957230825816,0
24.88840609405163,61.329580626481444,13.309731418451577,0
16.151175200332887,87.65183987662505,81.15516836560543,0
25.990577646474712,45.57943838938793,62.659727003085784,0
23.83061002746754,75.29213601690343,57.888604810574414,1
32.754083655166,68.85837339316743,63.09219408973519,0
22.018300251041573,78.53953155431364,83.47682598381095,1
17.341340328552118,43.8912156689781,59.8896030575071,0
17.859833641056717,74.79902724568788,59.38078229049524,0
30.230212634349446,73.68907527757142,94.20772835059009,0
27.364361266325222,73.63960566497025,74.32206420082828,0
17.022453522455805,76.20925999578729,47.5949734633465,0
16.682136122299948,80.58807623358173,70.12874500279887,0
29.0193826291824,88.29933998084618,43.08459009380202,0
16.45526012728387,56.18924320769286,29.454414311097416,0
31.437201185807126,89.50296461080373,60.73240953545955,0
29.124844543129925,69.89534093580721,88.89547833968588,0
16.626975612837995,44.62349674805987,88.97685920131433,0
16.69675428170384,43.51305575463875,39.061948638966676,0
34.73279157002351,60.05429912176365,54.85258462884407,0
22.485415915122406,87.09381862668806,27.9890513784382,2
22.412842941337818,82.46085608445495,94.6286443074051,2
31.25599134515005,87.31689788034438,93.39502216877453,0
33.94497154767717,71.03614338649656,65.20825902513303,0
34.720021276457416,66.41193987732943,78.37519507258524,0
30.067563705178834,48.84715160237704,70.7835137091145,0
22.525191710618316,59.69156521655869,60.418448618354795,0
16.670014333973377,66.04116197043251,14.534579744056304,0
30.542938318548735,45.31602578077703,48.65496911697619,0
26.1680849947161,53.236717162672676,67.35683568422989,0
23.484440184939526,75.89351764382434,67.59018718011319,1
33.12708770189472,84.1397868543514,41.71542256590261,0
17.223949646123028,99.90085068357698,90.0438188659326,0
24.852502085817182,95.98679988061346,24.225347740126384,2
15.227072895348382,78.5539119721115,52.53055292832265,0
24.373212839882527,65.27488319764433,68.72513800681995,0
16.126065513636746,78.17064188249395,69.25654350080379,0
17.376358325361437,87.13909708481393,65.13431132534933,0
17.350524935542097,47.10017145540324,33.39949814340811,0
27.984206042321272,64.59429338177729,23.277558338362866,0
29.920897585308467,90.38813713813704,64.05492778027042,0
26.667375301943192,63.02997711598264,60.940679871852204,0
34.24345096949084,74.31233627363119,25.245260874585483,0
22.49741159047408,75.26616165173189,69.93682737349789,1
20.714241725637216,51.06857518801836,48.68961929736079,0
32.3719825637892,61.734126499137304,66.759650286268,0
19.47191677038905,60.07067732451593,81.1762017804628,0
34.264450788812226,41.571802511923885,24.42691642903847,0
15.243089493796326,41.45150583348131,11.627313779731118,0
34.397576534152776,89.9018226205464,76.22371984364187,0
15.863198239011522,56.38424859836874,61.824281137972356,0
32.82286227396142,71.08472597432893,69.46936341788034,0
25.554022181725998,57.92353441532639,81.24317287403461,0
34.85929592238601,96.44075470692043,78.23892946008255,0
16.475931294707976,55.55780553194643,91.6782124889501,0
26.077085688026415,65.7794087643361,55.554481702430046,0
34.38605071238198,92.36381502907611,51.522128776091954,0
25.461956883402976,90.51601400750852,44.160411990712056,1
27.58797276270525,51.16608507077664,23.063738641757386,0
28.914973779692343,88.15859858774263,58.67161479497191,0
24.090821295355465,67.49121320427356,33.5460645677082,0
27.55116160168127,68.97813232512131,88.31113853810291,0
26.686286238462003,48.00879834495663,59.57121836355329,0
33.02316020981978,44.836090825427476,60.391415343189365,0
15.908927606829158,83.6763584184259,40.168596174545854,0
20.619263791844606,69.78766914131799,14.419094918105136,0
34.008229681531176,66.21104215691076,12.698220056704033,0
32.80527567781833,83.7704937191438,45.983487253021785,0
24.11313505571426,85.93077393946658,17.18805713826522,2
27.402651956030734,49.53449006016122,61.581991220911824,0
20.54762365962265,76.61350896865848,84.88270547937088,1
18.762423194475225,48.12124493666113,85.04775940409138,0
24.273968098799642,85.08250516174274,66.01885986123975,2
22.067044560521055,79.41730937602837,27.954705675199136,1
26.67312223701744,97.39687726500748,83.35473066550412,0
16.554692739299696,44.13748098138527,85.3179420016227,0
34.487896153323334,43.423283269075256,26.71555472100149,0
34.72421488959206,56.93122448159201,72.68121729050756,0
28.963234280394904,55.70234102415436,34.35416165880545,0
25.72192732688241,54.81872794431999,78.22442654999902,0
21.190552325726557,94.3752748312622,94.76522149180623,2
31.275900394138972,54.972771990970365,12.55221045299839,0
28.694623451077586,56.316983567717855,86.27609859222922,0
18.252338786897827,85.56389574507782,62.923595355885936,0
33.21854368987685,66.9843905470324,92.7375226290098,0
31.45074485846338,86.60263341731087,49.525808989746345,0
33.99599826583848,43.92196945386311,82.02797409856677,0
29.5143901677672,69.25427162040306,15.303495830853564,0
27.268303918715798,42.016816010996955,38.498719256655136,0
23.364860725812377,43.75919220732127,15.696405708852847,0
33.65456966708027,94.38624720066466,92.904166345721,0
32.32127779000817,48.354722267055706,79.44278211810612,0
15.904373402123788,71.94524093651303,82.4665308059075,0
15.52733948994504,64.66573615604239,89.727044671881,0
22.52926733756099,60.84059957553056,17.233796320181753,0
31.211066615636657,93.99000074123634,42.775795363633335,0
34.74552258629889,41.30940380652937,16.03796556874018,0
18.008337822070565,79.82738117053535,27.91741363175243,0
26.8826143070427,97.80366605281303,29.49609104820215,0
22.61781713262043,73.61009100771051,49.87411293904419,1
34.398287956292066,96.20934772198551,32.82778423355962,0
31.842378462714173,43.13547275716142,18.583139079509692,0
31.766574094222758,65.12759914444968,24.236742572999155,0
24.373863195899403,55.60946745772307,22.518422901927728,0
23.296390046753302,83.84925789884379,92.71152782254535,2
20.468141438614126,98.8778254298348,74.53986308807026,1
16.127509933018544,55.39180374665487,92.25972454791277,0
32.29444752510106,79.25047608844446,47.377941353172226,0
31.258020182601552,51.88585796558441,33.66132094132581,0
34.99435346572261,73.9198152742966,77.85492176278086,0
34.93273674147811,67.83594920130017,37.73158303349747,0
26.10863411205255,98.32031977789222,35.44758676495461,0
30.37974830361021,76.51163636178799,29.76300933766565,0
33.895314597648564,60.97038232520913,21.022713149060003,0
31.99294781354823,46.845747093276,31.79936018642511,0
19.94696203486395,49.07480972409607,40.20217862028045,0
24.01088270620187,53.519015797074104,67.28950769238708,0
17.5831883030299,55.05799968041788,15.318011588653384,0
34.08102054517445,91.03696347046827,27.89308987155415,0
27.123492689017603,73.6733672969515,78.76700942479249,0
19.572856110069253,71.40345468246198,22.488363504620516,0
28.434013688117133,46.88613231215305,39.12483745441433,0
27.362564809157917,91.6083816009661,83.4960083579419,0
22.163254360656808,83.36885819250902,23.168651447192627,2
17.27115184399258,44.0601017140001,17.03263102754614,0
28.431463911855992,82.47010583378612,51.18572958180092,0
25.406154018075867,72.61229304055877,35.70565845867559,1
30.446367834712788,44.9035207448067,57.8897109811276,0
25.403270022239866,67.49803849171938,78.32341569109539,0
32.043630006370805,69.08177722780282,21.657621492983168,0
26.03813677548971,49.94647240979654,59.35942218711423,0
26.218759430707728,96.74188882001694,52.96824463313843,0
32.533072053166904,90.99852228883972,22.246696811121964,0
23.06965732424794,80.1413402397465,63.039871269963506,2
17.680304569012815,67.73773366003644,33.25943551816559,0
15.57565352626678,64.70593249507051,51.46591707624106,0
30.10274511347238,79.05840802905725,16.99314756355026,0
27.406191027069294,72.72591216441432,49.06464486315796,0
29.08159536198447,43.73638635291314,36.04939478363973,0
19.259283230178212,70.75015892621991,79.90240295075512,0
17.727429511735394,88.38421703397037,14.843191794776303,0
15.290893313357639,67.55439265581748,45.581618368058045,0
22.011751176131938,43.117394653256106,48.96667105117223,0
26.79835373709266,87.17669196304199,71.6255164854251,0
22.844880901994646,52.08182692815846,58.81444388266794,0
23.749498440474582,55.51725009328233,66.71304866150538,0
33.08317388987497,49.882381205937754,76.04918928039928,0
21.965109340466007,59.81290389228985,83.28725276094605,0
25.279789783196215,85.4050903413181,36.67941722140999,1
30.67306025482286,71.16315157023624,55.731929955931754,0
22.930855646425403,52.29287644904275,81.409186667332,0
27.441734004557468,92.66980468912246,94.1033461320298,0
32.2472741749349,92.77491129709175,85.60914143871986,0
33.990412473152844,92.23470550276042,41.57471732307202,0
17.941469618580758,54.32777268289236,26.589153963585286,0
33.53175250322989,67.07436065085929,51.59836567956004,0
24.842325861590766,99.0993793684525,73.03952340606358,2
20.164887765979167,86.32074857859942,51.868371014030295,1
24.182715124765224,41.63004527353359,51.070373381661824,0
34.60065150570954,43.91227547562952,81.24958579195305,0
24.85236187985739,67.83588260873996,40.71932122071084,0
21.575032205750162,94.55321235169362,83.08254735898987,2
27.668017086334515,72.32210787716285,44.5784080808965,0
19.802912375563864,69.86875048205741,37.89981398265885,0
16.51726656217328,46.32842199739783,48.58914245197442,0
17.577594438212984,79.40680628345764,74.80799148736382,0
17.56091677915545,89.32618963601354,20.710172368439515,0
18.038053870245886,62.825200450453735,26.69563334912148,0
17.776543452988204,86.53671105551965,90.87281018136282,0
27.817494896064293,97.8685992340487,24.916788327415375,0
18.637601687982897,52.22598754766135,58.25682202413964,0
21.913345666477262,71.39977787168448,59.24172966626472,1
32.935768198120236,57.22827748507453,51.618079274270805,0
24.479232805257446,87.57126514203037,64.80334612902958,2
28.351154770420543,74.65560195286946,29.535271692797565,0
18.446397424032597,78.07494505301823,56.9762927610236,0
18.845780376173416,87.87484957695364,41.63472669598626,0
15.817372325329577,63.75822835974729,66.24171706848107,0
18.37870126144329,94.90540410442259,22.004001186717705,0
20.57180678063917,71.9817320347684,58.52458043135548,1
18.540209685534936,49.47728937012088,25.747980207582515,0
16.774050675141112,81.75394709012815,33.6846603647781,0
17.412717422012015,87.59568102629527,28.590333027504574,0
24.215575360654515,59.0057006240516,25.541211288849453,0
19.12667436811585,91.43075541992518,80.18543088265669,0
22.28539722096151,94.36859528594599,34.28514325117568,2
25.068345417097138,56.614269242668534,88.8055214584782,0
28.807896572587307,99.01128836291332,92.44375465434122,0
15.786242796821979,48.442691682925506,58.55713994465327,0
30.988207978180853,52.1209401041494,22.155095426586744,0
27.558007789818156,51.053490354281564,41.83660068726441,0
16.635180638977438,93.63938260047223,77.8072423845982,0
32.47157248213554,79.2575531394977,41.22821193925099,0
33.417448010636264,49.12625699333637,17.396463555737043,0
16.221559197097275,66.41940510210094,57.326717428895975,0
20.537552962944076,76.91788150418813,81.83527237716295,1
31.124025595861227,45.007845099362996,77.65374290719771,0
29.965193807673167,92.94498210444033,24.885466911080023,0
18.690420387127546,88.21621212649211,67.18499222505967,0
19.186986466734204,70.31240641459829,28.742862392030005,0
22.40944205582764,98.02759691555022,28.54764043693464,2
24.690459703820427,65.06565875650598,84.29610073094074,0
27.36509543060592,99.04661914218987,31.221860982919562,0
22.378272791395446,80.07519992821761,32.376024454030954,2
24.25069432266296,78.0802763952365,10.055538214710463,1
29.94941876267513,49.9572937177471,84.00686790066901,0
15.733664057811957,92.91566549827864,77.37055912277646,0
20.048738886880415,65.6493812752369,63.32295948270763,0
29.26699171769105,49.734004346948765,73.7725899348016,0
32.904136753743984,40.75645119854554,22.924128231081802,0
25.233548842313322,73.58534101830296,48.95750553994391,1
25.642269705306312,71.64397732736057,39.853647924646374,1
17.14344022679552,83.16121734214951,17.971004731846403,0
23.948247336469095,93.41548318106813,51.32109124326855,2
25.652345329100463,44.76439507858177,88.262870279124,0
19.849410072694592,83.88978942042175,13.40502511930903,0
20.38486461898762,51.244716645854936,34.774177646972475,0
22.545683262092453,91.49062318942984,27.640979577484796,2
15.401423955554527,89.14381083169937,30.242465561584186,0
21.441583311663564,72.44762529913265,87.21693690974689,1
19.22896013993089,82.61456791739869,49.78586960991466,0
21.54994704355829,58.861006791024906,49.6354500998846,0
17.395242636385024,68.27007393596888,74.64892960869899,0
32.8105456147979,89.2982138626283,23.13183734041869,0
26.871849071080973,67.55591183039283,51.417555098504316,0
28.582046382889793,61.46789591952651,46.548743200290076,0
30.783424772146766,69.652746835018,60.73740869646577,0
24.968843978581145,89.6949551462331,94.96240477628729,2
16.738405761748474,60.11248284225236,75.40315599697401,0
25.742130836370954,50.42569558814463,43.81858475648131,0
26.736822360417584,82.72084121984685,80.34200944329399,0
29.9087894836866,89.55869276248491,24.510210881560816,0
23.63319092459359,46.038248711412,12.589413336261611,0
17.551606055911275,54.39244676535668,27.378111659463208,0
20.67551811597449,48.51831938565964,38.93498226971207,0
22.2616459279727,60.87648469493,53.399364384062594,0
27.918344826632023,67.02105873432475,62.28597694600199,0
26.41556609337824,84.92958021779839,87.40148596322585,0
22.121934517956923,79.06885509290045,53.3375908117889,1
34.730304975859596,77.25571404870587,52.608429793187,0
27.115496387137743,61.142496796579266,14.27065583495348,0
19.74453583471989,90.4868531850856,12.967481975779023,0
17.035649452408073,68.27723004388987,56.848596762891624,0
18.057182783686642,98.74629628090926,47.245182126109285,0
19.919154567690164,78.04852829774421,81.33033357332538,0
18.213627465191113,47.57588449387016,23.65776470050684,0
18.731340481026116,80.57065372452604,12.122591279949216,0
20.70190337387694,59.506240925901935,48.168295274060696,0
18.467471905895096,81.17963180116584,30.185677323941885,0
32.935308492528506,44.178468889744344,14.217221733801182,0
16.604674913232845,50.49288623055756,71.59085438204846,0
25.490227791405093,91.34423553434718,19.485404996366036,1
23.20793653979323,53.63077342141089,61.70715750066059,0
34.647572338172125,90.22246751457641,33.889228764185575,0
17.240778043361047,56.75656530726462,24.74716428017687,0
22.95711198091483,78.57291460352246,42.278879448141986,1
34.389408665507375,81.64903441058986,78.12289097895106,0
32.310142517879605,70.75928518870317,43.32795403688868,0
31.3414414189856,58.31864060180388,73.81542018293973,0
20.158056540898798,52.75866258226577,20.66633522792781,0
18.417751747801315,41.991361273745575,75.68557067153172,0
28.37286439848862,58.23678407444343,30.139332617065136,0
33.587519782551716,79.18976743187699,67.57841604055419,0
26.135257860278596,96.29828910690895,58.09143216148469,0
26.432253789397997,92.27226893578313,88.97730096299343,0
20.599581873205683,85.96388659211816,42.922414027901695,1
30.389858663838737,87.30684059519791,15.624041050927438,0
18.74087497115047,79.89909420855972,11.628216271856497,0
21.473584728084873,55.61721145396018,80.28297768268402,0
23.508728772328336,94.43170184234978,54.602529201221735,2
25.1522075736891,80.24393871435004,75.89574440597069,1
19.848194648301604,73.62643785882639,29.92617600097875,0
17.29673649478407,46.65936815280887,39.33211836862487,0
27.21240084883265,66.82333262838553,12.55882913796211,0
20.772611064805115,67.62149627211558,91.72684758879953,0
26.624764428452245,91.87381657136021,66.76877206956914,0
18.087254305484045,72.79889321126731,89.32243245954103,0
24.62280203709635,62.824032938224576,32.567194631471146,0
25.651788651031715,98.60801971063955,61.97440695418117,1
16.03647073644854,46.643235599578944,67.67249730487421,0
21.732085563878414,65.35290569871668,36.991724521895016,0
17.688293538779483,42.52148051028432,82.08928497632856,0
16.267499409455354,84.39424724601582,90.50872434652106,0
34.7992046477989,95.08459313194903,85.21268500416036,0
21.44707689949446,56.80223977302937,72.82069295484666,0
31.1974889170927,91.50050060794726,33.58449777662109,0
20.092813095275275,57.53309382771387,33.9373635789787,0
28.630054444478585,94.64620969863492,91.88562723791323,0
30.204557197793733,85.23771421580705,10.874182154533823,0
26.912774812156886,88.29440661048632,70.86424772558229,0
24.431523771003167,41.08039333602727,70.03092381719728,0
23.23681828294537,97.76862142444156,62.928610980732785,2
21.977365330859904,83.6002595242194,94.15925191738359,2
33.59058288495652,58.285065723168,36.50975203991665,0
31.612388155754584,89.76367989153081,38.897608422426096,0
34.300538213330256,56.891271904895795,16.70984925045722,0
17.485944469710894,92.36523037396768,47.637841606217684,0
29.617349504072884,46.75482342471622,32.18912472996209,0
33.76680913642076,82.22115864764774,39.187869685099756,0
18.6246613233132,72.44190859869462,80.93860217172835,0
16.32992534733555,45.792068211726445,89.51618364983713,0
29.82241298580118,54.51362969553034,25.787311120440776,0
26.489462263598238,40.744242176638885,41.6632591820446,0
31.83657553516544,68.12607792787034,88.9335977798085,0
17.79544753252579,58.07591564560002,15.253719158583923,0
30.905346237197804,75.90144905786553,17.850644889467173,0
19.032546400954892,57.83426846251703,23.8372340825295,0
18.27311885731409,57.99514669041908,60.593090900784354,0
18.285315958619858,84.5915919238962,22.790143035509786,0
31.29149440462764,42.88857015870121,92.28649242331235,0
28.303944413924,94.17369971151923,47.97073481697423,0
25.461308495382386,91.13583246347089,52.62902662976414,1
22.17660968247005,80.06828099358438,30.96598234345955,2
32.544010816262166,75.59329420644306,50.031621456952344,0
22.84890214845271,93.53814988837914,66.26265877414599,2
31.33198878943154,51.11981077172287,73.85005664109363,0
23.78269817140437,44.73814973144972,74.07878703034261,0
22.538888588498153,54.370610194572286,59.12074457899751,0
24.25359571339213,87.67469672201142,86.87058087447787,2
21.02755748328284,42.080216003589,79.4796670210193,0
29.952187603525022,74.96841010500938,74.34908974938317,0
25.054407801849585,99.7262509714786,14.726469342839152,1
19.644253902936345,91.34176563025237,10.584626788670192,0
32.991491465491364,71.28674134261537,28.058018561615203,0
22.67782442746423,43.81845455719854,66.39950548264343,0
25.871057222279774,89.88241086314258,44.9517865550164,1
33.12944221929094,75.93871049063263,44.2045320404415,0
27.484759918279842,46.89597982357401,85.18988549951716,0
17.337960814167282,45.63143708940137,86.1228420912063,0
33.796642472269504,94.57760916619554,87.27989744455479,0
27.554161061428356,80.15201577628471,36.67963650377732,0
21.698112293141723,89.75720795900534,68.73974408283725,2
17.785441453267744,92.73873401693604,33.08882040832142,0
30.88050378540592,74.30634112289934,26.20183581132823,0
27.40145511857027,71.04678110530247,25.69375887452638,0
25.66922183952643,65.8256446192594,39.079147773405495,0
32.87785166101915,59.01679526746716,46.546397681284844,0
30.771944224490614,66.07575765152271,80.63067953968081,0
18.033497594655024,86.43277934380939,20.190742945180528,0
21.234441355910967,76.11540586090788,72.468697028566,1
19.969782796289316,93.55139739729077,55.17366770609095,0
29.878925851453538,66.60280086275127,34.47535412745936,0
15.670648694715588,76.42537472312524,51.88966468529009,0
26.39779369742633,77.87845318551932,35.49507593104693,0
30.24917371481381,75.50182973837954,60.66696619525601,0
32.53531273523499,82.15802638513098,46.87673344269576,0
21.841634974318147,54.246008102488375,23.974469971704693,0
31.425146093440258,70.74182665274743,19.909561337234223,0
17.212634739104146,46.25348816850086,56.469132976131064,0
31.929045834690363,63.07067965868875,86.70510782931879,0
17.54977324663965,69.26002411727586,39.236403357403276,0
22.945745811207345,79.13345557272835,72.30500911392298,1
30.94590731559107,97.0318631551722,65.98621516988018,0
17.998348546975475,76.03906399290136,89.18216771630588,0
19.58502790465283,84.61563497059359,79.78338647042698,0
29.445051367861325,70.37596356971217,58.16144700696435,0
29.400730730921488,78.04624188257988,65.84759234989912,0
27.822952657705947,44.25593296802641,86.36284965964296,0
28.878968889342,55.26349485051082,43.959096689889456,0
25.854488866951925,61.711185592308325,37.77754999791108,0
20.035981178139053,68.34960130039082,10.918942108991688,0
21.913919870078388,42.738924730143026,80.25684130627445,0
18.631954336028514,48.401445853199064,78.08335953428602,0
33.169011226672566,56.60885846747834,18.878634038512867,0
26.66783589532241,98.29196145406304,59.032877396279524,0
23.017028335272798,59.88082042618305,49.43844434418543,0
24.240116072882653,68.92246348672495,20.090273118274474,0
33.94566679223631,51.76586276430358,93.3482993001615,0
18.067028062321604,76.64680426454609,28.24915043438521,0
26.724596640335946,56.84099293095846,15.714905307697698,0
25.11777357768932,52.419554706305604,60.562027257662315,0
27.22908470869296,70.99435770675875,72.80366755630777,0
15.36220367641681,40.33034794962525,12.757692914010892,0
32.44247817888303,40.45984195895352,65.99099929179688,0
33.64236564967224,53.14412854611147,55.24480945587363,0
26.30266367178418,42.20328175004927,18.777525754379113,0
28.933016477537844,46.48154524784148,24.664529540440775,0
33.449987623545915,60.331638960325094,58.27781527186684,0
29.14477268626797,88.15514077478878,35.190397148629515,0
18.050780858285226,74.32291860215804,89.75683693536186,0
26.525767203336265,70.76006355738498,79.59291950614431,0
27.13430092765712,57.6093293924873,93.60321255366135,0
23.48261342604772,95.90522316596898,32.07202131078519,2
29.728884712494455,63.8209024742315,92.42650878782804,0
33.687340295380295,45.22556600774629,46.65487893228242,0
33.51137025813553,77.02399096706807,39.53909760166914,0
24.016787428082644,46.83030360859608,14.279709792395025,0
17.264760916815106,60.71338856810152,14.485046918066223,0
34.69682397924669,70.44471632306853,68.82095675546566,0
31.777961728918683,92.45335148111054,48.92396452689237,0
17.493253624065336,69.61279482040712,29.254338213068984,0
33.416837652347446,82.13552596189986,62.18747603764477,0
32.39792724124257,99.56901033994421,31.49294005125945,0
25.376761142521442,47.8893471938789,59.09869911927592,0
26.825508714898586,56.48389153117117,40.53274349352868,0
22.980054077402606,63.674564535858785,80.00193926200461,0
16.095232776440625,65.30969071232988,79.75917366517623,0
21.70394483291802,64.66126451593274,50.57478384040411,0
31.057068971960227,94.4566601533933,39.81962429347632,0
15.092640460092056,82.84195866801139,40.81758270752304,0
21.669983433822885,76.47431284544223,78.48573468179852,1
22.963373871818867,58.562363071766924,37.89525603779702,0
25.74791205875846,89.42742305327768,27.77004676508191,1
33.39711232825521,97.30363068909934,17.19850905940108,0
21.926919887319226,89.2718969530136,49.66891527517471,2
21.939064037924553,40.093906311488375,50.98122840818656,0
29.750024962194967,78.18408221100442,81.47724038424711,0
24.044358817796144,43.06812288652604,28.80528919791544,0
19.49209645879964,55.456433220023314,42.38425826181399,0
24.04879032265387,43.5714820208663,78.71448780596373,0
17.817140407595996,76.22772717696327,80.00800691366275,0
18.527739730124466,81.1953948095564,42.691941458195295,0
24.967355454789594,46.86925828395431,49.02554197936787,0
23.378508990090957,63.030332982698766,35.77930072218905,0
33.296918021362,67.37419053733252,89.26716466564153,0
22.24787798233266,62.14318130565499,20.084720088034324,0
26.61176700556087,47.26150002911158,89.36870095512495,0
27.645285758390607,65.13686741124852,68.12864840600417,0
15.261889131766672,85.07068286850509,55.18363297837215,0
28.270747440334212,44.26045987199533,12.77602016668215,0
18.560719337395028,44.810800844914205,50.425676304870706,0
34.2214063493891,61.28627751015905,44.658588925232245,0
17.973254555062258,96.5035426971355,23.703599017885416,0
23.292482474540474,80.11435880337484,65.79481629755584,2
16.706993361572877,80.7201974003539,92.5478271263043,0
34.93748503691894,61.715199450271896,57.78604894048463,0
25.04390020662485,75.6196474725123,70.75402849773539,1
26.907700346400876,40.6078710416646,15.818288468111426,0
16.34152954776855,78.16576278457254,45.501694644444555,0
29.999209407983557,94.7972168545742,19.89047123898215,0
19.198111861911716,76.75440810068915,62.08764602060339,0
32.96108578881427,92.42191560798071,89.77098344820314,0
19.102792809640142,83.43838332796562,66.25110726008927,0
18.81375441327333,47.23350498422141,16.52825910672583,0
15.730993356961898,94.14719843715051,40.14662742373204,0
24.441338902199984,43.986630661346496,56.80638725247238,0
26.29682266525233,72.03804835286583,44.27265927132644,0
16.31417278856705,48.52822742760746,80.85974089038965,0
30.51055233390021,40.70239664385424,79.24703540034908,0
24.065776694960554,65.32205560765834,62.00563670877382,0
25.4878053865516,57.702442459249376,41.74392533627994,0
23.81525493876456,69.16002962785618,31.70359176987575,0
23.01526121750652,74.63199320407304,18.99931704811599,1
26.19280662616436,42.624344338536844,40.1663030963571,0
18.10480491861425,47.38019770742474,45.11966396265616,0
18.63856260990542,73.51854378702552,67.44494863384625,0
32.235712420270346,60.59004119035949,65.94358506529375,0
33.922309242672654,83.75040925296688,15.95919186950684,0
22.46618632559506,79.13749891551637,43.59704181164841,1
20.414893462871078,90.73626177939441,25.451203713475763,1
27.879990864780314,81.54956960015352,23.329079951928485,0
23.17468342196193,65.79586464340889,80.3206827276659,0
15.507727113206897,80.37799734366595,13.56279342088189,0
18.12305194732381,56.52287045532511,45.630544451680315,0
29.31944457694795,58.37880992669276,24.297310740154046,0
28.178478838203027,87.3391095952476,84.74306833267029,0
15.54191985006967,66.78517098409493,57.348443628377986,0
19.43944323865899,87.90282043110115,29.66735409203208,0
19.62149593176143,89.3453424200967,52.706319409142,0
28.43785487197457,91.45374025967703,72.17634057476485,0
15.394210755087283,94.99811415047245,91.44003075815188,0
17.082171639691477,65.85911323079777,28.73791036086061,0
30.998321707463788,59.13200909926833,85.32545063099434,0
18.570893241086672,74.93192479564684,89.41584970423668,0
28.054922157037495,62.270345406257654,87.89574628522563,0
19.76365562093453,76.06445000801398,64.01022033326234,0
16.988827855186905,82.33515175862948,63.53475562695015,0
19.86344381998908,81.30430110952821,44.27290382062493,0
29.44533863711318,62.47317322120728,73.95381999582197,0
32.11392936212572,50.01161210192517,55.159991559829216,0
31.604397291339833,65.83176030773245,67.58223605440503,0
22.943670592369095,48.55564864491453,46.418921827147614,0
28.361702731412922,93.4058221110285,72.17719944366682,0
19.09968590831642,60.75264764427145,80.08007899638667,0
20.862954605220267,49.267584833399425,22.44708181123937,0
32.9267163704224,41.526865594345054,80.79902582380939,0
15.26003847021472,78.74934317718905,55.925205202176116,0
16.71017061708936,78.21413904728459,81.79660227266906,0
19.157725102920544,60.4362499948775,46.66064503898624,0
15.530644077476394,44.30271333085906,42.21844125755798,0
18.628708701795947,64.57773369371392,87.7801622639639,0
26.66083121939384,58.67304970380361,31.34938774161411,0
23.428491011849957,80.62723838410056,81.75804764932217,2
32.8534342215395,76.34675496716142,51.14174866329935,0
31.34887123476882,61.8756236918524,53.698112616857074,0
21.83634703395752,53.0735532552994,36.21980392660614,0
20.188468668625852,99.28215796933551,58.70858705261633,1
22.59384816334534,67.2400972717669,37.64295168347796,0
26.805898850296153,81.29645414681423,13.337900210540447,0
20.361272816457525,48.43317805470164,33.11988145427026,0
27.482978156982682,69.13538197956387,10.542218689560208,0
23.18823304382481,41.65220319216793,93.16015689983281,0
26.040943617039606,70.327307074627,92.08851283467854,0
23.722530582706334,97.84104442706214,43.58820028514593,2
20.889315190838353,63.05240277914801,71.91152261886991,0
33.96906613924313,42.3397607544947,39.39351836488612,0
30.272115883195216,41.857347455160614,67.04291835230796,0
17.802263515329052,63.27920559681217,78.46155365890823,0
32.36935951795826,49.60149618779164,90.47428079884047,0
24.748623964990273,41.40112577969116,44.01804344722212,0
32.891044537881825,85.37281683701062,76.58032855126406,0
30.997105118946305,67.51138053291345,32.6039183037301,0
23.50427008938467,57.35468631835927,94.17824582246011,0
15.449386166402348,94.00499098098885,12.190415894969847,0
20.37354718769892,46.96833761203153,61.29994855259528,0
25.83268429321734,97.35512973731915,66.05800844036281,1
27.669564396522944,58.83800304264117,68.48387235130096,0
20.157753708664046,93.30422033852088,20.232944197072566,1
17.78712148145648,76.1765725887677,89.77503159521609,0
31.69860473598598,89.60244158448924,25.400578719257037,0
34.68804361407104,99.04078979262786,62.93403927538649,0
25.513803646053717,57.30432626912474,28.92746672546222,0
18.43358571696607,97.66812912445558,36.11339544680803,0
20.44614653038738,63.36891369414522,56.44897604689057,0
15.367813530949334,63.130714284215344,45.461440577989,0
33.28597613120998,60.42322625527034,23.619176083003033,0
17.355021657802823,72.48445644085511,24.529594205772106,0
26.53032951028507,49.24870259070923,45.54230699383797,0
20.48110441374412,73.22268912148067,74.36905315341757,1
26.083560050315867,72.50228874460024,86.32699498206203,0
28.028407767037287,85.7141087562922,17.15085129204754,0
31.594836074144034,90.01899771625514,43.41383214254909,0
19.128425435212066,66.42648101874545,18.520872916444514,0
15.219916573169609,58.13999496108963,11.41036085377082,0
17.737712601376145,55.56009383902567,66.24608802473631,0
33.0003728369621,51.677430202292314,61.20820256715996,0
32.47780155125031,43.458854931941495,23.856624674265326,0
26.948262043406167,60.546878730082796,29.87409081291045,0
27.010337208673068,56.21486152784699,12.015159059784063,0
28.30073349092511,97.98504315198444,80.97051248402431,0
18.507425572468993,73.46252957500263,92.84870066412688,0
33.2882389184992,60.83662234183045,21.514060627548716,0
23.375410497841465,74.82805605962176,29.67539317005034,1
22.66277056498995,48.351802080741734,83.81480953548939,0
25.37835410565675,66.64262495213217,88.7494228262757,0
15.9393193355011,77.57405928526383,45.66832753857888,0
18.32566737512159,69.33386990754708,14.302910142871301,0
29.76067232852741,64.10672803925945,13.34830586388965,0
16.65597335850253,99.63090333398189,58.78573861586589,0
27.063042189327764,92.81888572893561,43.396084255920215,0
19.90698219362642,77.40435748956641,12.435456344100633,0
22.785912280839533,74.16264167093696,59.57645334656733,1
20.773874735413997,77.23962878947503,10.96071561006691,1
22.113454329298982,52.078726469345995,76.9266164426882,0
29.38091810368491,63.70826459585912,36.046789929786584,0
20.9424343124635,42.36757197345396,13.421930255784728,0
26.328092805937942,68.5327622492096,60.00993878356803,0
24.521008043981993,72.5814750374598,43.80317522680965,1
28.273423307252962,53.664984166192575,92.7730351353577,0
33.73659478649516,97.84173082993082,56.256886312814686,0
29.651441944205004,94.56727665623453,33.39533038814571,0
19.298807571815136,83.32859412735435,70.30230349388785,0
15.623662701225694,72.00319772592175,33.076820216130464,0
20.2452808859965,92.19814957886109,86.86067976964303,1
26.901558614005097,47.83914062940777,41.851367493127,0
16.028516269685007,87.4305876564931,56.738827835977446,0
24.927324944024726,47.489248838010894,14.298713825059453,0
26.936856978337786,87.65263975296432,46.22030522593962,0
21.684877816339217,56.546054095081416,80.75090087118457,0
30.418244074916437,92.62543486109134,78.48014845588406,0
17.131965062675437,96.64252562952387,29.067077502549733,0
16.502755634716173,48.92775816430694,29.216721035897827,0
29.563775124072066,67.76053630392362,79.47095153812512,0
24.90982632412397,98.8592426897611,89.08386571439267,2
28.768047928554722,69.00444615838879,18.105678308205302,0
23.696546772074925,91.8128513508727,48.25498435122915,2
19.928040664782138,75.32389132787918,38.68361371195947,0
31.382046353483993,62.51979447517611,84.00851871388234,0
30.988317579379583,57.147013331552216,17.099617747801595,0
28.893929417088536,52.193385465165235,27.945705117433178,0
20.44290274459925,85.70789148266184,73.95980869485203,1
26.804613337381742,63.19243040938167,14.359977163403325,0
22.219477938800537,70.67652773204507,51.86550736071459,1
16.831641466532684,69.53952880007091,47.5790979477762,0
33.34627150924486,74.63674175398788,38.424100214043634,0
17.736372618379228,91.93462873747313,43.538646802108524,0
34.00474707641605,98.84436061500577,55.0449498890698,0
23.920115459159113,64.45505251442901,23.716225463012563,0
18.702658576772393,89.65113532637818,58.61964965410539,0
25.838018947567164,85.87166767928306,78.46174799049884,1
32.45891671752817,74.41173708733439,74.61367903216352,0
29.644497728191226,97.36282861671599,23.08149189897076,0
31.131222957228996,52.02847093170416,22.686204928025283,0
28.175667334214346,46.55585261857728,32.79482125831763,0
28.84553129035705,91.23771801732534,40.69135173898816,0
31.983913031306386,66.3489889980249,44.71872441972102,0
19.993360177183717,90.81813125242363,67.77426343083434,0
24.788499272862808,93.5854123117249,14.817836734096009,2
19.424188836392045,43.74745561714428,12.947179859215643,0
34.75336015993294,93.00788577916364,43.312397850232266,0
33.88118679373227,66.89914332216533,69.25891383172834,0
15.788536227370118,70.62594934025392,26.442004151301017,0
29.11150345031377,77.59555066559261,64.5278809067814,0
33.50496634831332,95.58295640380521,32.08539172492546,0
18.611506902546672,41.14696566578584,85.3173192491489,0
26.358904611052587,68.61060809906903,86.1336452626624,0
33.30976595176084,81.26332254583363,35.26941236391275,0
15.678919571715976,83.3624174618937,29.549469086875444,0
28.9484053449368,81.55194589222648,44.96083762562966,0
20.946980147451015,48.06610776448731,30.44518474031264,0
33.48792390753061,57.963735302300876,67.1526266797948,0
34.42116490330736,61.52293152502081,80.21549818660426,0
33.88532978226868,88.2662324607703,67.21283112745346,0
24.484284333149276,56.72559234487318,80.0697880161947,0
32.24085301978627,52.64229783203219,43.7443337876353,0
31.890987970701406,97.44688114228578,23.286942510253173,0
21.382009464865114,40.531797106808135,72.72583052879534,0
31.57830948301355,99.8692513409187,40.640332937032085,0
15.740152694309852,80.60927793144373,67.05802014447627,0
26.92539756964106,89.70815796694703,33.00473506845008,0
19.600176745754062,57.67716378077159,16.904518958567177,0
17.411337715545578,40.858916660023596,94.36945261645988,0
16.539064032584182,84.2721711136918,23.277128174100937,0
28.925775517562794,90.04867582004054,94.01578448689588,0
21.797499275361325,84.42856791721115,93.06879426814803,2
29.49533543057523,48.57101723805032,77.47453883218337,0
16.307126815978847,85.20567533541814,66.0509517769698,0
21.305806756612206,86.13536692645846,59.1135992713422,2
25.789825847506744,79.5124309402033,83.61863135711594,1
30.814463296779273,85.96695596773517,34.60235933765647,0
21.3750500586414,90.75528638066393,49.752903061214546,2
27.51782752874018,76.81624685424751,62.648147396152666,0
32.71955496472374,45.31628283818074,44.95119044890674,0
27.31726376364609,69.25766858003266,46.336348597672774,0
19.659189495072674,44.6589600802963,38.07419673767717,0
15.48801563113076,64.45258186194584,57.95970441818557,0
32.401977478018594,64.42638934753765,82.29883488128486,0
15.425388217007743,43.960590648414495,27.129912130536592,0
32.49403345368399,60.92923203816876,89.42680829404252,0
25.578742680544238,46.65988592747889,68.57245056859952,0
33.781353970257925,88.49411260055334,79.97822307780257,0
30.975664715473307,96.86128155786824,57.27620887355099,0
34.95868221066675,44.338988515476316,76.2589196210454,0
22.014236309034203,97.30691243750209,11.377033773854713,2
30.34376577862254,71.3545959602047,79.56233610626049,0
23.03861827218484,57.973940677232434,13.411803022256155,0
24.597512406078177,44.61172451656981,85.64263699084331,0
27.5501092643674,70.03745608422507,94.31683351528469,0
32.47354228372677,87.67093266944492,34.99573428502612,0
34.681669383985906,82.42518863600189,27.87707728429246,0
30.365468277290365,43.01356068783843,75.05588592793346,0
23.355335643346677,44.374110122074214,31.507238978221523,0
23.427140045541403,64.17239695795823,83.57280256963729,0
29.75164603177783,57.717429642876596,18.74162033338552,0
19.775542915366046,53.94305938336287,20.706191692245454,0
17.209482262627894,56.86026993452282,93.22788218355232,0
22.09244315281553,88.20896459781308,67.2763063529504,2
20.744779833081637,95.75368321791123,81.98541407646098,1
20.9261624091198,64.30616167165398,37.56799707487903,0
19.672155020998197,94.36666012794981,67.50111870925137,0
15.841863792727239,59.28974207487292,60.51055532123076,0
15.357478694668277,68.5862191806275,61.2677602104505,0
34.75444779472063,53.56173986895998,68.01525906070634,0
23.555462674717248,78.42856253055064,58.90552971597338,1
22.686532943193633,98.73886691048853,46.470301390726604,2
28.5929456538614,76.20958576260273,33.453429022346484,0
19.365077757301282,61.46884504681293,75.32941312762217,0
33.99922367900451,78.86904675943171,29.233156550270827,0
30.726900288311043,47.375240707923254,68.8501160231252,0
16.78822004624519,93.31954481592392,29.833289925192766,0
23.35161551569857,70.18503704679019,63.15306444612858,1
32.58236615124329,66.96098452237852,73.50165270596746,0
33.8946404458282,75.15188730721115,28.590680557055833,0
24.348030224997395,77.48703176736414,15.095180573211204,1
27.268227784214154,44.30654837359078,21.132768154504795,0
18.340678921841505,80.95703327340414,61.50974221803717,0
34.82337252273953,54.515900818931776,82.20294452918752,0
19.63343402766887,82.83715795039538,13.82472980501107,0
33.85463548270251,89.3520876630518,72.40285701853993,0
27.992932979847367,88.23751045315122,39.012084905754435,0
27.154735897577183,73.15005804447335,50.67491144315942,0
25.25377022033017,71.21019353864507,88.95306173687308,1
19.61339623435517,48.5725576803647,38.217577902546864,0
18.530560640110167,86.52076902418813,49.55363938485632,0
19.409724181403508,56.28456282680286,11.163005254657893,0
18.72876524288509,69.80172536907679,16.935891200411263,0
30.591689471335066,57.056445575651004,31.980285246456642,0
22.002505183334602,48.029701779981586,12.367440469791324,0
16.156853531267927,77.77346181350418,63.66690271410133,0
34.38205260281623,43.25992208937423,46.24386032813791,0
32.67571769926852,84.918714047572,56.59234223188187,0
33.55504566390426,59.055207715666995,24.84501080118801,0
34.8981564529287,40.00808158026912,35.15422250211237,0
18.477904984389745,70.6677483542338,66.42508036248164,0
22.924840378053176,42.811114511656186,92.05073150858398,0
30.164769514081826,56.57017346925397,14.28542575618778,0
28.920412361075844,82.41858924734296,85.68266727269761,0
18.0779181267971,43.76137729731195,59.034902111452716,0
31.316662499812356,90.36030954136014,57.933163174228014,0
19.488811436733215,40.22919535951499,52.52367549265963,0
19.47635229645246,54.809432152114134,15.898497301855588,0
25.73948845786827,84.45424336912428,17.639532397573657,1
26.858798696834064,58.97620898375841,61.07752048102232,0
26.601724156756223,46.11354328396081,38.98147857202245,0
16.829736747955096,61.61403512802568,87.96778565910286,0
32.549217252607605,56.22359718307153,44.56019567555514,0
20.312000851774123,90.56271412963329,22.178923989724492,1
17.590298425656083,58.80087505510859,70.75110084767306,0
32.774961597379544,87.33594830656043,34.93504082248584,0
34.11302996459507,93.51232868864409,54.66497612525092,0
32.24255234530901,66.02904517459177,69.31578676793944,0
31.19032149449756,94.59658863126353,86.52244945217598,0
28.104839612780435,62.63908323779157,77.33625155814246,0
26.017147412182787,97.8447049894065,67.49069076918155,0
16.739735198228203,45.35737147153438,67.76882050358721,0
23.169064261413972,81.22115599019457,90.40359474272735,2
22.45377034024628,69.62884242741572,35.14504828720557,0
20.195075675206525,63.25892832733882,10.09452800667593,0
29.468402273771698,77.96271272491606,33.116137548846886,0
24.917514701575417,82.23142549805988,28.52076726827324,2
16.62092431815296,40.261796179018546,66.25593973468985,0
19.403664038996226,50.01718532483192,63.86548598006997,0
28.66517527319192,82.78276303805913,60.44421752990152,0
16.522617189806002,79.98312481469239,11.380692672803566,0
32.02413828097538,97.96285030772063,71.94613462830503,0
24.902930540279485,85.66226741504698,37.50008506126678,2
24.61173154653296,97.04636246388029,66.52975906556364,2
26.84815569319035,82.15243009208842,57.309166422683035,0
31.493619318502983,57.883132518366594,39.13212866137211,0
21.95618415804386,46.32189533505139,21.43898270384916,0
28.56032305118127,86.90943180069613,18.025606301140883,0
26.314639279915824,78.64895328855496,80.679058314539,0
20.340565403388425,42.89116074359777,88.06379107693243,0
32.57259972710316,61.6030279540587,65.23198397496546,0
30.94852043213856,97.40798892905717,18.79189976314109,0
28.169036693168508,70.02406874261207,44.17231343550046,0
32.011634581884834,65.96374816118228,71.95983200893836,0
32.34588401919605,67.46197630955764,76.28477514085579,0
29.167259534300698,52.53296344030982,20.04858289474253,0
31.74026656727344,62.122430251887714,10.002611101857505,0
28.949429233385672,62.188795359230596,70.53164889985143,0
28.602815435206008,43.14130121124835,40.31067495882748,0
27.372227564303685,86.0540577110751,31.63091318755212,0
30.054332791152824,64.99026591423274,11.096284932109663,0
18.172102105861473,89.3307932089854,55.92544957472747,0
32.617415183978565,91.02088006719373,82.34781251120845,0
32.436870554904644,52.71964328191949,91.39868993316998,0
15.584945660691183,79.44120893020772,58.08832080212959,0
31.516335011295254,68.3369082497789,53.72921285789101,0
17.577397349468903,92.8094042752891,17.229792766585494,0
21.70237708518284,52.94444075058725,56.65418813112098,0
29.870165125832155,80.66879201860266,42.29822171205854,0
18.215197920966165,76.46512733516334,61.60649887510404,0
31.359340482381242,57.718088654309966,43.04173956950647,0
31.64268355915484,48.196054219070355,30.425425493281175,0
25.149354675216724,79.09838562863659,18.072048394412,1
15.127717434336672,84.31584748793983,36.768067790056136,0
20.740762663498256,58.937640625800995,18.214810914458944,0
27.338538367514843,78.68995624133882,25.036240820038635,0
34.62372356054847,63.7078544566902,93.9235734792614,0
27.636270540333367,82.79241299695707,47.748802337062585,0
20.196071621283195,51.95291649364319,55.20910015292641,0
27.680114061992228,93.41290015817046,84.25757494266331,0
25.79970759431711,57.244575787934785,94.62335654170846,0
30.596907903022874,62.06715926536917,59.53072819429793,0
17.139612776539167,43.48551712482099,79.0602747887546,0
30.22055805004056,46.690732739276584,37.78998706861739,0
25.825331573522206,70.95171416273969,35.98823638301974,1
34.25984007717989,56.05556060367829,44.22981628453762,0
21.837443320773723,90.12881354453165,67.16311732726018,2
27.652437862678962,40.88160331929723,67.98629358668339,0
33.64056211020035,62.74564292031617,36.79535194520332,0
17.050194559813583,60.24073280614556,21.32284355161344,0
33.74456974472902,41.15965785505606,63.75368179956823,0
28.757714446016266,47.462103940030616,20.907698286044983,0
16.356741182103438,64.81856049511812,59.17186319949305,0
21.019271338936324,69.5718750668468,68.94088088478625,0
29.16344177290563,64.25738483529214,69.55197719352839,0
16.347012029375435,71.85626070472563,74.04512940606573,0
26.643409203525465,75.70790049434089,84.19305083308149,0
21.917661139059135,40.59542926767014,52.49651431700702,0
27.41831035534954,67.84570956721024,72.07118111001355,0
15.914840676250257,97.8099544532553,62.629682506096124,0
32.430736123047524,71.14193680777292,25.86439488280302,0
34.46977938354794,80.65253604753718,12.183619813899695,0
34.377557105713834,58.71183147501299,34.186017782539366,0
29.993036634858495,86.43948268916574,47.65786503869765,0
17.60172480261264,86.3752889125669,62.45400527643579,0
30.16526391858045,71.27776285924834,82.24654309277246,0
15.49173832917603,98.56082939675281,26.680885920024078,0
15.442471030579945,47.533012885759206,20.671732141370555,0
21.472204382990824,41.01685989337486,91.89579553531784,0
24.772863808093316,86.20949270542576,19.183787546994605,2
30.408148356155863,88.42933224189295,50.67174095911108,0
28.665907532130106,47.21243374723458,59.77291694743066,0
23.918054127534965,55.93496997751636,56.016825777132254,0
20.472533325633318,41.05314180199773,17.312733347800172,0
34.94249000315422,57.598516646833886,14.847287690307645,0
23.523626044719457,86.38851243512029,18.966091334188032,2
24.02774048659351,71.07763166275474,59.77495312917206,1
18.272476423833382,60.88573559009728,56.26931544891729,0
30.89619097499859,62.30435769437982,29.86796732312326,0
28.87364451562977,40.08121754292809,64.21080205687528,0
19.41539225577521,57.98803165391415,79.7057376747302,0
16.647620912316853,78.78752449827583,13.53421158696047,0
28.60998604149426,98.45166662898143,52.341045201583604,0
28.090224285622703,90.82364961903397,68.59138502872867,0
20.465190539964187,41.41569787873175,31.4465138009234,0
34.0172712450082,93.91363628049035,36.160526949917674,0
18.021157835618006,86.99190479791756,62.15922175409762,0
23.64669602085204,86.82256741425883,86.32449994271764,2
33.872318403351976,67.47974554021428,78.84357572574645,0
23.394546338522446,63.88031757727017,59.5660686234646,0
27.77051895328171,58.174943729991554,72.06884600936618,0
22.951887959255885,43.941691537261946,41.00990996766289,0
20.4843040469734,53.69412180962195,64.4820698883944,0
34.67955295919656,54.79621809868148,49.62543524584234,0
23.18668012630086,69.0446241826121,26.14457159889268,0
32.881984073582686,84.84666439580164,69.64775327956687,0
19.599092117821723,68.4285897038768,57.29949417464987,0
19.262094080501665,43.47066696682964,40.482834466055266,0
15.622681657690228,97.46738805929223,87.46383115668361,0
28.033336507517703,96.56345914564673,11.779400015272328,0
22.370526874475225,87.1113725889045,36.84071785620716,2
32.28716499679274,99.47967409385323,14.834918811099957,0
24.464198133831143,72.66893996801578,75.1548218788383,1
34.363868558294435,97.76610101519236,69.67913359967237,0
18.71051031406242,44.53630243700505,38.16493859258695,0
32.37246335911222,61.940844895682275,67.4313466876012,0
30.531937055834835,53.52287608040595,43.65466422665574,0
30.41843689288104,51.7499850480562,74.28157227090692,0
31.895664562337753,48.44817693356056,48.605611332620015,0
30.220479818859978,77.34481849395979,45.04377686569157,0
27.524406432628307,86.8793113448383,89.45204281650558,0
17.624897553647752,74.69790396522164,31.32472349070952,0
15.650523589825038,48.817762575292576,20.23802389970806,0
33.41695695631374,88.66742619600825,59.68616462705395,0
27.33300629041476,78.15728242982371,92.39235404415521,0
30.930745819523526,63.28994236761973,42.11633316681087,0
24.630447030251002,80.44781773216377,15.27312490844643,2
17.346163779247888,55.59429875456997,38.840947721313235,0
17.50371584405101,60.71153250965263,53.004190617162465,0
28.711305744579427,95.04915058791941,23.763455563738166,0
23.606117897989254,57.43027034028522,65.93868853480183,0
19.010494534006735,68.19929608947619,94.80869806586705,0
24.83189093482874,93.40846824376088,48.397855458422725,2
16.284178741502682,82.46328101605164,40.151927322068076,0
26.639428038287974,43.73219356988216,44.05985418092966,0
20.379868088701954,48.83818265673822,19.787425163592097,0
30.951182012743764,40.470495446315006,85.07825612122902,0
21.207239178471475,77.85530741374981,45.26018071931492,1
24.104402981636024,66.8604055246251,42.91832497111151,0
15.232410798162013,48.05649105413653,66.07367319909031,0
16.448937755891176,97.47604726340623,47.5728407791455,0
22.849871128133696,71.7795834367372,65.09984484866692,1
24.59877669434247,54.51359764677335,15.222934661116938,0
27.000410962386074,70.03621426928245,79.16648421638934,0
20.833251574186065,80.77721996410646,89.94283599474922,1
28.89963772253085,44.57435307841387,65.1450578235478,0
32.202447943784094,56.482228902873516,91.13810395299892,0
30.597019777866997,88.41792945303962,22.871746721446883,0
15.792376506967143,67.57989222415968,50.58037610583006,0
24.610138945156578,72.7946285219377,61.15357238536302,1
17.098603568363497,65.96896013256816,59.44761503080087,0
19.84090031725055,42.63399655858031,44.124251222568674,0
34.73325186534293,49.94498678920935,38.73717479613222,0
17.849910858030263,66.73249832451346,20.7800419167856,0
24.97776306902712,52.551127924475665,43.29810829779365,0
27.36311468636238,42.99874171958072,23.826169283966237,0
29.049299410882078,90.61897984310943,72.42108250183855,0
26.192973669738283,98.87155174984696,27.75062951704015,0
15.195416948383674,87.58857243980437,14.978050949185377,0
21.529226164879837,91.22709530228002,56.95112171446492,2
25.35423286769423,54.518627819022726,60.594527281149134,0
16.757329982896668,97.63761853079198,84.11261020884297,0
22.012538624183616,51.8155422672057,59.043437055502956,0
15.66406217582733,97.08578862170994,39.36587256649288,0
16.571569943100414,99.68915763795707,78.25600992973725,0
22.93846552403192,82.70336834476292,55.92370592093079,2
17.654315080861206,98.86862390750932,16.738824193651297,0
26.35081696523116,74.17238677402622,58.097297626625966,0
28.789299382745313,55.57250699056542,87.1815763608413,0
31.011733982181656,66.21975313993725,43.68657316734875,0
19.0030048848962,75.61365612272715,35.187693161483004,0
18.349651645181396,44.3848937216209,22.194903846531705,0
17.091356806688005,77.34059587703476,22.87286936450537,0
27.728604990872732,98.87067020573767,46.78557616905461,0
29.129514529738024,51.406458987023655,60.63278505373001,0
15.63172289651284,87.555706977303,16.85230943941615,0
33.7242449248738,94.47392762677717,89.86333006713909,0
16.03942567302945,96.62209556921326,74.18635748284166,0
25.82592670602141,97.60813626432683,59.86303305411133,1
29.18121038901833,71.28757832328832,80.41728702981422,0
32.41938247492171,98.63847447949021,16.81587432902963,0
29.281738642648556,85.43861242806634,50.531304607315576,0
31.034561661395838,49.700286174217716,63.55791578324139,0
21.78900385085612,68.6140063880782,80.43549702005458,0
31.296502274930244,83.09987052232023,76.59491260418775,0
16.6022969276935,54.840418949145004,33.55088622563897,0
32.89633312121055,78.43691101293325,89.97481441253237,0
25.951847523074726,79.99602874279715,20.56939652162398,1
31.345955399249874,49.76198462851396,84.38635758279793,0
24.046365690366002,73.90511874716537,92.52992121639258,1
27.871553903930497,86.29761465871647,25.058049473923173,0
25.528053218722263,69.93373987215651,71.37561545732174,0
29.631790435106637,40.72618700656645,13.42426909612987,0
16.63259964061179,40.54230814475753,44.46094013682817,0
16.207041679811276,61.42176063820073,53.88408043180229,0
19.94206468020293,95.57164410590693,59.354844202318894,0
18.190893602263767,53.72060677621653,89.55466610112755,0
32.435671331844034,78.06182133230124,67.14130842000654,0
19.384279747160885,53.324552241599235,50.908625853635144,0
34.51730511638263,59.300199379572916,78.8223780826006,0
21.737915835422136,90.88252537608903,90.79528978112477,2
18.642358313773986,83.7316865361968,11.875622637994722,0
30.79397014284958,45.723956638792636,93.5143081417633,0
28.17415551001752,65.72212125918603,17.321231820412827,0
24.96391432906278,41.75018581871587,79.22287623784472,0
26.107271018752627,68.85340879618053,33.82845396687006,0
29.384035565445277,79.74604070206408,21.235270909079098,0
19.569094826625975,47.11015741588909,47.38772937567597,0
34.92667832113484,57.333096334549936,64.73630925304715,0
34.49586324293566,63.87019753012942,42.38090682699538,0
28.00651372693874,95.17186147936299,14.638059704029411,0
18.990849018582903,99.59530092537784,60.95419687099091,0
28.604564848625827,42.69467793973695,86.70427846940736,0
16.443968179583518,85.66047540972352,42.573306105516394,0
15.613050044116122,62.30344398414059,28.3882860986203,0
20.153657770224275,63.547491173768805,47.61907440428931,0
24.252459134786328,85.25589840082137,14.110830439146374,2
32.36545010816761,95.10558592872451,79.74144468082336,0
29.54338139532616,97.0557156701529,80.23896893076588,0
29.85413042399962,74.62735516229924,59.98003939151842,0
23.50986668896151,61.42726955803017,40.01374555976311,0
21.91869985093926,87.25294515152675,77.98158597789158,2
22.420775259692054,55.060082995738014,57.14839710701121,0
34.752991274721154,73.84444173001106,80.20424622675138,0
15.80218382824965,61.51470769149239,63.67399736955675,0
32.34062992244897,79.39786442247257,76.67446522308776,0
26.57350817144787,54.42393477361041,60.877854423509596,0
23.77230838379181,51.49557674408955,45.20199079833163,0
29.50515320830273,95.09434520052622,91.4253980937217,0
24.733378828494057,46.10822097697221,55.994675114701806,0
32.468464761633214,70.3574744640959,61.43260907594576,0
33.01403728022517,53.251166977780535,28.741449350253685,0
23.434418537469107,42.335797799540046,63.1803171013185,0
20.536555944701032,42.161129097485585,58.58665020605023,0
26.847006571867244,50.51330632634964,25.71126382549712,0
33.24726691233382,92.00622127036002,15.064903275017215,0
19.21324378011333,56.9487246386216,61.37054217575554,0
27.459331671269656,97.02755023451775,74.91384289477725,0
27.63120440185041,74.89733757935161,54.4891165283707,0
29.66226044830562,66.19685138612596,29.275673152169883,0
17.631353702545198,74.80533008016727,66.65436801890797,0
29.31649929364177,71.00190311357606,16.80898676181619,0
33.18065041331282,85.5265752254395,47.55586490816614,0
18.593662177404838,56.949763958371136,23.886174463865714,0
19.750866498477553,61.183023496018144,25.679019340090086,0
34.42790188083279,93.64565815199504,27.19498567844731,0
18.619539054189794,96.78739078902433,42.87009984873812,0
32.08770186739159,93.55349364918847,14.347767477733798,0
24.845557128960696,65.16687963743881,43.812442478973345,0
19.94462148806354,86.82193018041289,53.49513300474957,0
32.41499802545023,68.58014399806592,51.08001422213764,0
23.90610510005331,69.85239112876613,42.53664853425845,0
25.296347078593804,52.28080654343704,81.32746168601396,0
22.18466738799531,75.46781819551099,22.352768855742852,1
26.85901702869855,51.16815386520088,52.98422322141679,0
18.270477451700454,59.89388194403163,15.273520441307115,0
22.821630733035214,91.3018120971961,16.04823270462233,2
34.38824644670575,52.424548552651316,58.77859722255319,0
20.16266865402255,44.269497110405965,58.11156611546478,0
28.134733290825842,44.14045555676898,84.63284859177884,0
21.503801284493896,96.44707123018648,57.41926243110622,2
30.46946251373201,70.41522627771008,91.58223673441226,0
17.617473214366996,64.5647243090211,14.13906211399403,0
34.39642090157089,88.6527148604751,18.33065320636299,0
24.075790827672783,90.14955567463096,13.745598233482418,2
19.72100926692928,59.93146198693628,25.7485322783509,0
16.469934946600254,81.6170834484277,56.00795943004264,0
18.395158101750816,86.2673689511132,64.87363542133139,0
25.395478971120355,79.27904121195726,13.874738425636847,1
21.740063528625726,49.095704488005964,90.40752563687595,0
31.57766731765219,92.55298501102342,81.58405701528238,0
23.617750473236118,72.34567316416053,35.21206098335291,1
19.9742854517526,56.94834558220022,16.560940069249774,0
27.342899732080603,65.51369112626163,24.44040122361987,0
29.135544337708914,42.25426542393444,20.790275169172677,0
18.340838158018997,47.672008073345054,20.479121240410482,0
18.35238432576635,85.93280503095164,54.077743536587384,0
15.733428538670859,40.00069808532197,30.897032611939025,0
29.72804030131281,64.99394970893754,40.44187590497728,0
28.276090552436102,71.35061086513531,94.10795333766741,0
24.492617514996276,43.278065200058336,68.1667111586543,0
31.883408979383944,98.38468977833998,90.66335669899512,0
31.113403059001065,53.56751987498032,22.117307177814826,0
26.707087287935042,58.25192317817685,42.481855360768385,0
32.36542561026518,58.23655073530164,57.15220327900011,0
19.116824200735365,53.824999727040996,16.52443526054273,0
17.23839238795456,40.08842932517869,10.355932708376418,0
20.394992230339792,83.76068764527977,66.98691837273799,1
16.141737121786296,98.01072998795712,64.554658928122,0
25.62339056002064,53.4576089971027,44.917048849967,0
33.73211384589923,79.78283150820535,51.61974646272277,0
15.786870813370193,84.51377961752291,45.31265505032761,0
17.442198280200536,90.90552274543148,12.040428811815552,0
24.043980565668704,65.35775182081655,38.506586528484306,0
33.6775003505581,58.17585433842575,25.051991708769634,0
21.32312209953501,59.517708041381866,18.366056073616342,0
25.144696173767848,82.75727998591077,91.32123688059474,1
15.831457181007842,89.00676799033816,60.94557662858408,0
17.966864019241775,50.89683806539616,71.93578416011123,0
34.73260245917694,62.25646048946591,36.805918177619986,0
34.30237392872091,94.116411804949,43.41750600699129,0
15.098799618688192,88.40161118168436,30.138539481221496,0
34.03623570846478,99.09150416574855,18.242082032061106,0
27.78239875631001,85.25489558092485,25.21768918253462,0
32.35836589040044,63.59171206167534,77.7886938502013,0
24.09479711267718,75.43827003967826,67.59139344062095,1
25.311920571585006,79.66085525483922,56.488954458765534,1
24.776931605138405,44.70734897902744,50.38263919367529,0
28.337285150922085,72.66981754623191,88.40691411077057,0
17.793025095126257,82.55924970835657,16.182470561186815,0
15.599471797453559,50.039278240063624,33.85106912522286,0
21.158598831823817,86.83790304553344,39.7447175535107,2
29.093615254732935,75.0263668308467,76.50619403808696,0
19.037069042458967,97.13330714185568,94.36374271376756,0
28.468648666498346,42.5453378924135,30.45699375435801,0
34.398240922145405,55.919568253328016,84.31612340165185,0
16.878014315788366,76.09323275798944,80.60293463670226,0
28.452042364502525,57.79359473235584,29.095878799550164,0
23.875004386091423,82.86544984427454,43.94326931693392,2
32.362845087550106,85.54031695131586,44.822193889864124,0
18.542995788947717,46.150957843988465,93.14875682475746,0
28.85251904452329,70.83126785240606,25.37581161720636,0
31.762305792962206,70.53343333546336,77.92842754390648,0
33.892284389480466,62.156846212932464,38.406380704714344,0
28.664960565792917,95.97549175418033,72.12397939097363,0
24.94349528016855,89.65037919239327,45.70093536513134,2
27.356944804024277,81.8325629145782,59.160579864905905,0
32.37809968957436,82.85959814409986,80.77200073272114,0
26.412194932776593,67.70296862878715,78.35407302363015,0
15.607741193936738,95.25967126579455,83.64597060087452,0
33.61897391013956,81.67572563519713,15.067472654296017,0
28.790535020631225,83.738863699349,68.82429700837831,0
28.53026771554493,91.70145422724072,21.89892702134984,0
19.31350304795434,56.444295360531456,45.344578281564935,0
28.177709404653143,88.42425423200217,56.63001527964852,0
22.877288113083168,51.71443617738952,44.232856203480615,0
28.02465954082984,60.72051713469327,54.16699244325564,0
17.131860606159815,60.136627256190565,94.70473624788262,0
28.156906092060723,98.71152810334843,21.49347166559265,0
34.98827451541333,91.39223342487561,67.41376385359618,0
15.96424077721112,82.07019169541559,43.66008214277729,0
34.54348368442635,83.62340569692341,21.305832907122948,0
23.13815921445741,73.72436766415427,23.49262488681631,1
32.415069006745185,96.82544002651115,90.68821403087743,0
30.64770968116547,69.77552517294168,84.76612722049977,0
26.340325219733355,62.831062592193675,87.09856663527685,0
29.768984185026532,49.78212021589546,94.28028594532786,0
32.57031122602696,87.17233913566348,27.706808150724026,0
23.082806433020657,84.06663592453549,40.21234367594525,2
21.540663231264773,63.06130231144809,66.88361754361367,0
28.351867711271694,41.51160483755376,51.123215888155016,0
31.15691883882517,90.33983966308065,45.56311033715835,0
30.245702695532316,40.68507900724442,40.41395619352541,0
30.956272977172688,82.22198677774306,60.47135371519344,0
23.71166629625866,98.21542658356341,58.92544143440697,2
31.35668432350043,66.2596796888922,23.723915895460408,0
17.404181107412168,54.09840429975716,50.09788618906732,0
25.88978195921699,82.29226060260291,57.045100977837244,1
15.115173209962432,89.0276885209351,58.47438979216819,0
21.491716598005404,72.78581896467084,27.859111397549903,1
22.32923069742796,98.02211651536877,73.09306834144438,2
22.923453832185107,43.100123299477666,12.14192305979092,0
28.909344133797244,70.28773589827169,40.160707721168826,0
22.771162025406916,83.107236839353,76.31807512552885,2
23.973872452450614,91.75842826895074,57.9308982897092,2
19.75088261748655,50.755336714467404,32.19880676342312,0
22.4650358325868,88.00020890582088,69.07101514415905,2
19.545392545263027,73.1624245431127,58.22823025326624,0
16.46391847536887,63.7932209193978,77.68070680379292,0
27.06897186762756,47.90290171474561,72.47714082613498,0
28.364255971100327,91.91774553453475,61.85917337307995,0
27.389806920192292,49.43639249078292,51.49510240141919,0
24.26988087601145,58.58727155254596,21.32048068173949,0
22.595715603584594,57.40273191774621,32.21330652025762,0
32.26667299143651,92.28484205145125,45.62345519795225,0
